{
    "niter": 3731,
    "logz": -279.5400287951457,
    "logzerr": 0.2106470421516632,
    "logz_bs": -279.5006860232487,
    "logz_single": -279.5400287951457,
    "logzerr_tail": 0.09532619826273958,
    "logzerr_bs": 0.1878432652293327,
    "ess": 1570.6785597208882,
    "H": 5.081975682963048,
    "Herr": 0.07097317090747061,
    "posterior": {
        "mean": [
            1.371700152852621,
            0.12639066564915147,
            1.7065054625527267,
            1.685092870789866,
            1.7068984404818872,
            1.6827592752423253,
            1.6747218209385428,
            1.6920326739492226,
            1.6999949875638602,
            1.6812743730790576,
            1.7096867665539595,
            1.7176761639001712,
            1.6961190500941852
        ],
        "stdev": [
            0.1253108826056532,
            0.039771266199145804,
            0.9843997390972933,
            0.9779530227624978,
            0.9790578336295429,
            0.9879678367020052,
            0.9747071535520906,
            0.9649717881715804,
            0.9687972364493473,
            0.9742439363507227,
            1.0017776254342976,
            0.9846296332856419,
            0.9755891069678857
        ],
        "median": [
            1.3637980823559033,
            0.12381538265464984,
            1.7261076420575867,
            1.6676617442816137,
            1.737323512299808,
            1.6450263854481626,
            1.6535763246182824,
            1.6486573730505554,
            1.6712996960798108,
            1.6628170218677096,
            1.6585269823739028,
            1.7324167450888697,
            1.721939764375862
        ],
        "errlo": [
            1.2499103654663701,
            0.08803327072232411,
            0.5347769465832146,
            0.5609208567566304,
            0.5444157787612997,
            0.5149567857004149,
            0.5029633340660141,
            0.5967430060036408,
            0.5512133591312052,
            0.5476779855628139,
            0.5120996058082828,
            0.5531808816645472,
            0.5459975932699439
        ],
        "errup": [
            1.4936330009679106,
            0.16476558660833174,
            2.864904950841925,
            2.8468962156638207,
            2.851680503219608,
            2.8414531888374563,
            2.8459178995728815,
            2.8292849234831383,
            2.8457280327785432,
            2.833375029468246,
            2.9128268735243217,
            2.875689292388842,
            2.8343414438339556
        ],
        "information_gain_bits": [
            1.626475135985367,
            3.3895668387354103,
            -5.174548454671676,
            -5.175814266584137,
            -5.173042253162636,
            -5.175528379386485,
            -5.170019534589893,
            -5.168143594823483,
            -5.174221287943757,
            -5.174666948105326,
            -5.168589658818004,
            -5.177094819068259,
            -5.176864997302298
        ]
    },
    "maximum_likelihood": {
        "logl": -273.46639499258265,
        "point": [
            1.3586129494923294,
            0.12518360931262568,
            1.7975250722533471,
            1.012581352573594,
            2.5828985067641663,
            1.7023811530940245,
            2.4528736025537445,
            2.61206339801964,
            1.5893849773622837,
            2.759994732087784,
            1.0109463546371604,
            2.5496843222915158,
            1.6665868215709456
        ],
        "point_untransformed": [
            0.39959204396833214,
            0.036818708621360496,
            0.5286838447803962,
            0.2978180448745865,
            0.7596760314012254,
            0.5007003391453013,
            0.7214334125158073,
            0.7682539405940118,
            0.4674661698124364,
            0.8117631564964071,
            0.2973371631285766,
            0.7499071536151517,
            0.49017259457968987
        ]
    },
    "ncall": 12499,
    "paramnames": [
        "alpha_gluon",
        "beta_gluon",
        "alpha_up",
        "beta_up",
        "epsilon_up",
        "gamma_up",
        "alpha_down",
        "beta_down",
        "epsilon_down",
        "gamma_down",
        "norm_sigma",
        "alpha_sigma",
        "beta_sigma"
    ],
    "logzerr_single": 0.11271618875479963,
    "insertion_order_MWW_test": {
        "independent_iterations": Infinity,
        "converged": true
    }
}