{
    "niter": 3549,
    "logz": -18.90547683988024,
    "logzerr": 0.48068281344708225,
    "logz_bs": -18.874807301010676,
    "logz_single": -18.90547683988024,
    "logzerr_tail": 0.2623807780191285,
    "logzerr_bs": 0.4027558745313087,
    "ess": 815.4898789827853,
    "H": 13.044266931646726,
    "Herr": 0.16218503701006934,
    "posterior": {
        "mean": [
            0.384760409077848,
            11.102708413364478,
            0.6133123595243044,
            3.7297359080608685,
            0.5533726248637849,
            4.426690572945571,
            1.5915711724876653,
            9.277631395014309,
            -3.6600928120757574,
            4.759780586819979,
            0.23642282910264062,
            -0.009358360940786901,
            2.2846075520040303
        ],
        "stdev": [
            0.11896656636315557,
            1.160081697828599,
            0.10721802731640971,
            0.17478166390763225,
            1.8942285532956467,
            1.6159522853244968,
            0.2470277124558087,
            0.9802628995156228,
            0.26834765983709463,
            0.4710964953140001,
            0.0682368297113705,
            0.09849588114700732,
            0.22915194067508582
        ],
        "median": [
            0.3797141536714527,
            11.05828128303465,
            0.5981590708321542,
            3.7172554455804154,
            0.49401028538139713,
            4.461355852527994,
            1.5957368628076127,
            9.217099033742867,
            -3.681375575661491,
            4.755687846625156,
            0.22796103002238516,
            -0.01216075504268293,
            2.291315161005169
        ],
        "errlo": [
            0.2592142191049867,
            9.879045082429133,
            0.5054181879587227,
            3.556041962286966,
            -1.6048501214553492,
            2.5215353317404916,
            1.3305355951154725,
            8.234077610743944,
            -3.937332231647765,
            4.249375639222757,
            0.16438123601010288,
            -0.12107679424120525,
            2.044766161459545
        ],
        "errup": [
            0.5076576943171663,
            12.337235079108797,
            0.72275379081127,
            3.905407068793367,
            2.759405001431842,
            6.29045753427474,
            1.8323871018345779,
            10.351235445792305,
            -3.355867112891005,
            5.260544804191428,
            0.30718272694571985,
            0.09736629355070185,
            2.5316328337852965
        ],
        "information_gain_bits": [
            -3.331965561476832,
            -5.032811767331735,
            -4.849871265534855,
            -2.949106444477767,
            -5.132664224391597,
            -5.073553125630515,
            -3.83592469943379,
            -4.806747278441027,
            -4.08073932097263,
            -4.884336456185575,
            -2.904899931430277,
            -2.2543610119747974,
            -4.32627699121425
        ]
    },
    "maximum_likelihood": {
        "logl": -1.6704697739802432,
        "point": [
            0.44291372904064724,
            11.850615120032284,
            0.5741460881977962,
            3.7698938006427842,
            0.11426668747306618,
            5.324060836971681,
            1.6762104496850583,
            9.607094630081791,
            -3.8006398372573496,
            4.747702525965325,
            0.2101931095480003,
            -0.07187360919691384,
            2.1329915995909317
        ],
        "point_untransformed": [
            0.553642161300809,
            0.6021663510269968,
            0.3482921763955923,
            0.5922260004944495,
            0.4448952410675809,
            0.7206768061619468,
            0.4508069664567055,
            0.46824325112928683,
            0.46624010849510017,
            0.43077387543878404,
            0.4670957989955562,
            0.18303770114726597,
            0.4441596663257766
        ]
    },
    "ncall": 864267,
    "paramnames": [
        "alpha_gluon",
        "beta_gluon",
        "alpha_up",
        "beta_up",
        "epsilon_up",
        "gamma_up",
        "alpha_down",
        "beta_down",
        "epsilon_down",
        "gamma_down",
        "norm_sigma",
        "alpha_sigma",
        "beta_sigma"
    ],
    "logzerr_single": 0.25538467976414253,
    "insertion_order_MWW_test": {
        "independent_iterations": Infinity,
        "converged": true
    }
}