bayes_complexity,avg_chi2,min_chi2,logz
7.270876820527439,10.611816368487926,3.34094e+00,-1.89055e+01
