bayes_complexity,avg_chi2,min_chi2,logz
1.9842138831688771,548.9170038683342,5.46933e+02,-2.79540e+02
